"0","tamaramorrison@hotmail.com","pbkdf2:sha256:600000$2odXrIeK6q6yrf3O$3c429c217b3078369e62c7133486843c93060a5d40c33ed9401330dfa2b238b3","Gary","Cross","9342 Lori Bypass Suite 711
East Sandra, MP 11019","919"
"1","qoliver@gmail.com","pbkdf2:sha256:600000$R7EXD84krMr0aftG$758dcc14f25175991ce64f39686386d95cea63d5caeede2a658c11482386a95d","Madison","Zuniga","6208 Williams Courts Suite 345
Masseyshire, GA 91949","688"
"2","valeriemorales@hotmail.com","pbkdf2:sha256:600000$YWuhcPPlzB6xJnto$e6f2aea80550800c27dcb603fb0ccdac028d43681a57a1647f01bda11ca93f0c","Shane","Bradley","08913 Charlene Flat
Joshuaburgh, CT 62839","874"
"3","zrogers@yahoo.com","pbkdf2:sha256:600000$v4Dd3yqpHiLHjU8N$3c8f026451966d324bc661952c141f6153c6328f57afab4f3b0c92b83f6ab3c0","Lauren","Ward","0452 Courtney Lane Apt. 113
North Paul, CT 52118","569"
"4","taguilar@hotmail.com","pbkdf2:sha256:600000$dLnNx2yykbqsuY1F$737100522e2fdf8353a3d97f0b8ebd06a61fee307f09b852e0cb5be4a6fdb26d","Jared","Frazier","013 Billy Bridge
Riveraburgh, AS 20007","889"
"5","vmendez@hotmail.com","pbkdf2:sha256:600000$6j28rArXmYoTboym$53ac63b43bfafa3fb7eeea0d8ba10b7def784d6daa44eb2f2d8c33d5532c05fc","Sharon","Love","Unit 9426 Box 4183
DPO AE 51884","455"
"6","adkinskelly@hotmail.com","pbkdf2:sha256:600000$OKnRe9RiW0p6ktzj$e07fc3dae8ec1fa02f32975ed17df8a1f4ff40cc175e9bd0453b0582abdfea3e","Jason","Crawford","USNS Villarreal
FPO AE 60013","115"
"7","granthaley@hotmail.com","pbkdf2:sha256:600000$1xk2kA4CCJMEwfFz$9f855bef3a610c47b0b37687c2af18acc5c7adb3918f2504b362a1b1523ed8c8","Alejandra","Hayden","PSC 2662, Box 3758
APO AE 47079","473"
"8","amandajenkins@hotmail.com","pbkdf2:sha256:600000$ZKThWFDpaQBuAcQJ$dc03006e3668114e7b0bf7ed78f01d13392d3375bfd898526c49d412d6ab1701","Paul","Gomez","7592 David Crest Suite 697
New Elizabeth, MI 83353","484"
"9","lbentley@hotmail.com","pbkdf2:sha256:600000$DpBZTbPJceY6ISf1$dcf4d8465e367bbead1f35aad160c11ea783ce4df0524c16f5e6caec1ac099cf","Laura","Lee","PSC 0312, Box 5023
APO AP 39498","627"
"10","hstevens@gmail.com","pbkdf2:sha256:600000$7GDFPAqYHPapMErn$235f30dc24e0fa9b03f414bcc6d904ba8dda2d8b28f29cfba4550dd7e2a0b184","Christine","Warren","3791 Hansen Village
Williamsburgh, IA 64728","225"
"11","derricksmith@hotmail.com","pbkdf2:sha256:600000$sGuvg3Bztdtsz1yY$8ef886c74ebb01483b2c208d1cb10850ae88a6125b295cab40136cc9fc505e3d","Zachary","Smith","62281 Kathy Tunnel
Hudsonborough, IA 96519","135"
"12","allenalexander@hotmail.com","pbkdf2:sha256:600000$uASo8BRtcHi01B7s$9b67b6f354f0b695a88fcb79bfeda87cdbb1d7c1124fd70b994c617dc0f71979","Daniel","Edwards","6237 Thomas Inlet
Lake Mark, WY 98452","418"
"13","powelltyler@gmail.com","pbkdf2:sha256:600000$Tg53uXrG3oEUYqye$59a9bf3efeb54a50fb02ecd6afc1b8c2c5d2745c0af5851f0bdeb23e85f18f50","Heather","Powers","9438 Hughes Village
Jasonshire, MA 32305","600"
"14","allison23@hotmail.com","pbkdf2:sha256:600000$zXuB58GZcobQ3vBy$1cc31e7075c30a23fea413e8e4954e24892c281b766d4c1139cdceb7538af7b3","Justin","Branch","39342 Miller Mission Apt. 781
East Scott, CA 56435","649"
"15","kimberly87@gmail.com","pbkdf2:sha256:600000$c3JRDbCw9xrMBZH6$019b00073e1b3d13f9f4012e42aa9ca9d0bac09c5d9c5fc6ff560db9dbd7f5b9","Kyle","Powell","PSC 8209, Box 2805
APO AE 25783","663"
"16","emily97@yahoo.com","pbkdf2:sha256:600000$uBhxvTcJcASQvuE4$03e9c9ac7c6d265fa91f1c392bbb2181a63a6c23081d25b5b8b7f67992951816","Corey","Gutierrez","61511 Michael Fall Suite 905
Gibbsfort, NJ 11045","878"
"17","kimberlynunez@yahoo.com","pbkdf2:sha256:600000$ZKPz08jplI74GIPw$5b18b66f26ce41c135125ea7363d341485d283d5e05bfe5d692d56288338e985","David","Perez","532 Dixon Place Suite 126
Tammychester, MH 57653","251"
"18","michaelanderson@hotmail.com","pbkdf2:sha256:600000$T1erlGb5nDZU61mi$0f2778126b48d505b5097a07612a40c0544a66d60e98d506464423a562e25063","Brian","Richardson","671 Kimberly Plains Apt. 223
East Anthony, DC 65125","365"
"19","lbaker@gmail.com","pbkdf2:sha256:600000$Snlz7lQQoZ0xVYjc$2ca1bb8ef1873e8297e03f73a154f642cbf324042880843c8bbf77e527891f1e","Heidi","Sharp","061 Cook Parkways Suite 079
West Marissafort, OH 85040","403"
"20","joannestuart@gmail.com","pbkdf2:sha256:600000$xWAYts8gmQ418A1U$fb185b88ef7892ce5281ddebb501dab490679f5acb59da4644450439df690781","Brian","Kennedy","754 Salazar Village
South Michaelfort, IN 86508","726"
"21","erica29@hotmail.com","pbkdf2:sha256:600000$lDPBx11PDNAOdJbL$ffd0478224b40755e0b10b19592ce38271f47b23e8cf4bf1ce95928f34e5a557","Lisa","Gaines","140 Christine Shoals
South Jamie, TN 42383","206"
"22","lopezsarah@hotmail.com","pbkdf2:sha256:600000$qnN0x88RgbQknzRm$4dd760e29965a06af05e4bfd41b365b93ed705ac2c3012663f5e66ec4aa40bc7","Karen","Perez","50592 Myers Field
Crawfordburgh, MO 06678","805"
"23","meghan71@gmail.com","pbkdf2:sha256:600000$i66kWy9cb62h2xfs$b0709812d4a5c642cee1cfdebe054ca18d5ee14f88e3fb20be1f30930833f46e","Ashley","Sheppard","7835 Andrew Fords
Port Robertshire, VI 54423","553"
"24","owright@yahoo.com","pbkdf2:sha256:600000$1tCyUrRmHBncUHbU$f83a5a08b253f7e86467accc25e09293cdaf7ef8f99ae3d85ebf8f2a98cb5ad4","James","Brennan","5938 Matthew Plaza Apt. 270
Martinstad, CT 80907","574"
"25","brandon38@gmail.com","pbkdf2:sha256:600000$07OjYYma6m5rUabA$01a1d2dd403b188162b4171525830b2ee4ecd63bc61b831729a0d0c15018df34","Veronica","Hunt","4934 Lozano Place Suite 716
Gavinton, IN 93065","827"
"26","smithjulie@gmail.com","pbkdf2:sha256:600000$NAfKKxDbDGq4g3V6$3c6705c990455d1ba38346af3d58d962b1b3ed7829118711ff61807cf2993800","Scott","Fletcher","5641 Brenda Streets Apt. 008
Lake Seanmouth, VT 87205","137"
"27","lyonskayla@gmail.com","pbkdf2:sha256:600000$EDrPxyHOc4Y3KvUL$c043cc4e95f53222ecf5b78becbec488c89b2452cf0b2793ca4b9f402d778c31","Veronica","Harding","363 Lopez Fall Suite 299
Willisbury, MH 00861","55"
"28","imcclain@gmail.com","pbkdf2:sha256:600000$t9n5phZTVIAtW2IY$0dbf9906a89f921820957d1acc3095278a4dd09a54740095c8e7c8ced74aa905","Lisa","Beltran","239 Mariah Ports
Robertsview, IL 53341","701"
"29","pwang@hotmail.com","pbkdf2:sha256:600000$mYlt9n9uKNSeBbgg$98e37fd39b45797c86a2637e7ffc30509f9be521e6a6eb8c878d5019b17480fe","Kelly","Cunningham","95052 Adams Orchard
Smithbury, SD 86285","488"
"30","haley65@hotmail.com","pbkdf2:sha256:600000$XakvxEZxNzqhqx6H$392e1b68c7eef23d769fce5df2911b4986ab8456992f70480f7b64887c771caf","Michael","Davis","USCGC Brown
FPO AE 08197","342"
"31","joylowe@yahoo.com","pbkdf2:sha256:600000$BoVIHkThpulKOV7k$8be0b1b8e1b52bee16427cb5dae7504b5ca5f142e37bc94047680a4d3c8b7dda","Chad","Bridges","532 Stewart Mills
Lake Dana, KY 89011","724"
"32","sandygarcia@gmail.com","pbkdf2:sha256:600000$CWNlV1wZiaqJBUcV$db92714fb577f9add7ae39cce4f68db21d9ba4d4c302e6a9071965f9a5062899","Dalton","Fritz","647 Michael Trafficway Apt. 037
New Evelyn, GU 01420","146"
"33","cgiles@yahoo.com","pbkdf2:sha256:600000$kzuUBghSx6UbslLU$c234fbf59e1a53df374bfe00fe1f8c85ab50c1ffe2a322da5da689f650a4d737","Angela","Soto","511 Sanchez Canyon
Port Jennifershire, CO 61535","841"
"34","pjohnson@yahoo.com","pbkdf2:sha256:600000$dSchFGv3a8xNwzyB$cd4f8f9dd46faabdff8330fc033260923c381af438ae84174af1aad614b5ed87","Joshua","Anderson","967 Ethan Avenue Suite 164
South Nicole, KS 68053","413"
"35","amy84@gmail.com","pbkdf2:sha256:600000$Alb2HckXsfrnK32g$b9903208352ad06e3ff39b6cb7cffce9ec0d43bbf2e40339bbeaaa17f388ee16","Megan","Smith","031 Sean Expressway Suite 427
New Nicholasville, CT 41107","84"
"36","caleb01@yahoo.com","pbkdf2:sha256:600000$ldQRni9i9fOQTieR$91f794089ad0dc44bd11c63cb911e70f5dea1443b7c1f5b3a17ddace2cb6e20b","Keith","Jones","347 Spencer Road Suite 472
Craigchester, PW 52259","731"
"37","richardsandrew@hotmail.com","pbkdf2:sha256:600000$b8zxZYo3MQjg1PV0$2b8ee6a4eb1cef579c989e3c4f879c9303fc26bfb785f04122676fab1bffee84","Jordan","Parker","19131 Reynolds Crescent
Robbinsmouth, NY 95807","909"
"38","michaelross@gmail.com","pbkdf2:sha256:600000$DL2YG5Y8yigywkxr$0c302779c3e47af55112db084968db881bea6b104b937ed9da88b41e009a1705","Katherine","Webb","505 Phillip Throughway Suite 842
Brandonview, VA 10929","342"
"39","rebekahsmith@hotmail.com","pbkdf2:sha256:600000$e7sqdDHl6OpSBd5Q$a9cca9fc53c3389dd180809842d4679913898c53ec5a2e10aee9f7243ca0f72d","Ricky","Barnes","2648 Flores Stream
Henryville, KS 79832","322"
"40","courtneyhart@hotmail.com","pbkdf2:sha256:600000$cGsDx3ozQQ79fjYi$a0d82c5fb28b4f5942c2ae2e24ecec1fbc1526d69dd2af3dd5a1a5627b832dcf","Tina","King","75051 Claudia Creek Suite 495
Port Adrian, WV 62767","414"
"41","crystalconley@hotmail.com","pbkdf2:sha256:600000$CiBgv0ktCnAVngbE$cc013a8ea142896a09e0448637c0263b69ef65375c075c21353d0aa83119c787","Philip","Smith","46287 Gallagher Road
Lake Lindsey, KS 23727","938"
"42","morrislarry@gmail.com","pbkdf2:sha256:600000$bhz3aZOSaraEirve$8953b91735935fa3bf95bafed0e56baf034cc02b88df9cf8f130ae0a8915f1ac","Joshua","Whitaker","25689 Kemp Fords
Cortezbury, OK 01464","907"
"43","vfreeman@hotmail.com","pbkdf2:sha256:600000$aLc1ZTvCyu5cixzk$862116baf514d3a06a613a5685b4d322effa822208b8f00b5656e13b6c2f8669","Tara","Shaw","979 Davis Manor
Lake Rebeccaberg, HI 90658","272"
"44","ghancock@yahoo.com","pbkdf2:sha256:600000$ElvWU7Ltw6sJs76m$8f7cfdc289499197309dc89baeb9018ef7eea1b99a3ad810e4be6c0d910da811","Allen","Trevino","PSC 2652, Box 8592
APO AE 12680","248"
"45","amandasnyder@gmail.com","pbkdf2:sha256:600000$BhU0bvmBsKUHgjyv$3f8609086087fd19349799cd3bf8084b18df150e4be88e26114ead8536c0f69d","Billy","Hudson","73849 Edward Vista
New Matthewport, MH 72138","810"
"46","ashleylewis@gmail.com","pbkdf2:sha256:600000$caNuON2N7xOhDbPh$f92d5ac155cba24492f7f581635f9ccc1f16b1182406b1f34e6b6d081d965323","Marilyn","Rodriguez","4229 Hill Light Apt. 972
Floydchester, WV 51245","131"
"47","williamdoyle@gmail.com","pbkdf2:sha256:600000$hKhV10LRI82sjwch$b069e78ef37f2d9d2c13696fabcb8ecf6ff1180ce0e6158243c526c185954bd4","Miss","MD","Unit 8522 Box 1442
DPO AA 39097","253"
"48","kennethwashington@gmail.com","pbkdf2:sha256:600000$kKDbc2eoofpZXRyV$767ea752563592bc5c448a08ab9933cb7594491bbd4cb63a073a1d4e2284286d","Jennifer","Marsh","2052 William Rest
North Jessica, MH 74153","993"
"49","ulewis@yahoo.com","pbkdf2:sha256:600000$aNb5yaCtcrarzbkn$9910f2af8334652693b73c660e70bc34196cfd29fd48c789f99b5fc9db42db11","Amber","Mcintyre","90150 Michelle Parks
Larrystad, WA 86307","549"
"50","collinssteven@hotmail.com","pbkdf2:sha256:600000$lRowUajKtueqZjyU$cc44b5abac1ee46172bb00e3e6b10b6b9b6fb9ac7ea3b339b4365695d9ba40d1","William","Mccarty","PSC 7348, Box 4436
APO AP 59071","929"
"51","tammy10@yahoo.com","pbkdf2:sha256:600000$Ki5CtCGwi4AmY2pV$990debeef90511cb990b70c07eb22932ef83c35a125fe23cda0908d44a4e90ec","Glenda","Maddox","0074 Heather Mountain
Lake Katrinafurt, OH 07808","270"
"52","xprice@yahoo.com","pbkdf2:sha256:600000$KPZiEP8aWo4QN8mv$f3a6a3479139f17c3ed1773b3d23e2d4e9d040565ac76ce31c0ff6c7e74461dd","Tiffany","Phillips","90555 Valerie Springs
Michaelchester, ID 47804","969"
"53","garygreer@gmail.com","pbkdf2:sha256:600000$S6CNQDJyo2fIS3vg$5d76eea47a574d2fe8a8e512182ca8637c2490362884d46b59e55631cbf1612a","Jeremy","Novak","632 Smith Mount
Timothystad, NY 99572","224"
"54","daniel45@hotmail.com","pbkdf2:sha256:600000$Rd73jFZ2wsYTasR7$efe944351a7652dc31bca86bc691add1e06d013b6f6cc9523a6aff1c62f8d2d5","Carla","Clark","88005 Lawson Underpass Suite 931
Hendersonland, OR 33281","891"
"55","melissa54@hotmail.com","pbkdf2:sha256:600000$zItWTMAqtPQDoBj6$8f0f977e74c1a1641fdb04c9bc65cae9f2311bc5b55b78fa1b6fdbec9185d619","Ashley","Swanson","091 Reynolds Courts
North Markville, RI 37596","990"
"56","mcculloughpatrick@yahoo.com","pbkdf2:sha256:600000$qcxcLJMd9bnbm34g$a522d4fe93dca46f4fc376ec2850e9e869097e11070ea66733bd2dc336f61b96","David","Mckee","0051 Natalie Pine
Port Ashleyside, AZ 28321","606"
"57","tonya31@yahoo.com","pbkdf2:sha256:600000$vkqE9gUJdfnWT6tM$3877a68a8c1a8c3d6dc3da4e5298b3f5a32c89bf9904a958c3b8b42d273ff2fa","Elizabeth","Aguilar","8253 Leon Way
West Alexandra, MN 51941","883"
"58","boydmichael@yahoo.com","pbkdf2:sha256:600000$nfvRTvfh8A8XOn2k$562a5913e473aa820601cadc0d6820aa6f45f06962113b05a69d80e44776fefd","Edgar","Potter","USCGC Le
FPO AE 34436","386"
"59","colonconnor@gmail.com","pbkdf2:sha256:600000$rk3g6Grp2l2hAIFt$ce585619899231d83ec5b1dd52df5cc009f0d2c587cdf7887a02542b5f8fe843","Cassandra","Martin","455 Romero Streets
New Lindaland, TN 55619","677"
"60","nancyadams@yahoo.com","pbkdf2:sha256:600000$xhKW3I2IVZzex2Na$20e5fe8578ac8ca3014ba790e30f58a10d6e3fdc49527aadd91ab1cc6c7859a7","Tammy","Peters","153 Teresa Well
Ramirezborough, NY 94251","774"
"61","lnoble@gmail.com","pbkdf2:sha256:600000$bdeXUkiOvC1bMhZ3$849068756d4116ce8e9bbfe26a41c7d0f398abc0875ea0b4157b2f4af2451381","Christian","Smith","Unit 1747 Box 8579
DPO AE 85958","315"
"62","privera@gmail.com","pbkdf2:sha256:600000$c8l9jwmr9NEiywUJ$dcc2aee71a8e87e2b4d88e94d09ee757695d9798f041e67a8200b8fcd558b2e4","Patricia","Pearson","36407 Marsh Courts
North Mitchell, MD 82934","534"
"63","brownkelly@yahoo.com","pbkdf2:sha256:600000$24KADSzQTvuKHixZ$16acec9c179edf1c25c0fdf9ff3950eb696fe40e3e310a5ed5cafa393d158d62","Anthony","Gill","75331 Reed Shore
East Gregorybury, MP 73018","90"
"64","halemonique@hotmail.com","pbkdf2:sha256:600000$uRr8QAOYn7pJgv2p$c688aac3a5726fcea77685ddf4ef19dec85fc960144c92d32208c750754b62e9","Eric","Saunders","7131 Jamie Rue
West Nathan, ME 91568","286"
"65","oadams@gmail.com","pbkdf2:sha256:600000$MaFfMktAmQsXrGCa$4fb9904e4a7e4e4678cf18e21715a02fcf4371c4f1ec9d0a0365d0a30a7a2906","Aaron","Callahan","7399 Amanda Flats Suite 324
South Monica, RI 14378","717"
"66","lrosales@hotmail.com","pbkdf2:sha256:600000$3GMlnu51Zt5Q4zeo$5ba087db0cc679f44863313dfd1b62e00b1c403bb5e6bf096b1972ba75b236d4","Carlos","Davidson","670 Orozco Walks Suite 505
Diazmouth, MH 09329","95"
"67","marydelacruz@yahoo.com","pbkdf2:sha256:600000$95Ozi2eK0X0ZiHT3$c53f1bb3a11ed6c3bdc86bf53e32b9e72e41370b7e57b3cbacc5f2f2488cce68","Timothy","Harris","143 Brian Corners
Robertsfort, MS 36597","227"
"68","conleyjennifer@yahoo.com","pbkdf2:sha256:600000$ZmshoKKExa1hrTcV$524b573f3205b0946397e9e5ff19ceb581b838453ad1e4714b94d8f15d619d94","Dale","Brock","401 White Views
Ferrellport, SC 67367","155"
"69","kabbott@gmail.com","pbkdf2:sha256:600000$CGSS1BmBlDP4CHT0$5e36475dfd68ce6e9c0fe063f7760d898c6ee1a7d172103d6d64f15f2f0da005","Danny","Poole","163 Evan Estates
South Michellehaven, WV 30037","691"
"70","nsimmons@gmail.com","pbkdf2:sha256:600000$Cb2TY2E8b4YuGVsF$cfbb1a83b87b897e5a5279d4e9fc4cda493e7f041569af9ae87d58e21f4add10","Kevin","Lynch","977 Heather Mission
West Johnbury, MP 98995","938"
"71","knewman@hotmail.com","pbkdf2:sha256:600000$9DKG0lZqLgLxdtnn$b97f0a7736367da38b819d4d365c4e80a4a076837fd0f9c9a2dacee9b9a4b922","Margaret","Collins","PSC 2658, Box 8335
APO AE 81502","511"
"72","meganhernandez@gmail.com","pbkdf2:sha256:600000$AUDxzgeP5rgcTYdO$736c47c4a833c54ec17008b5ce28bd7e8eeda17c5609389a3ad0fc54b91297b4","Ronald","Franklin","00927 Martha Villages Suite 468
New Thomasview, KS 04899","865"
"73","tammy52@hotmail.com","pbkdf2:sha256:600000$OfMAzyn4CpoweeVF$3fcf57c156ac73a34bd808b5b1c3fa31f3c8db1c967f19cb0d86e8538bee584a","William","Collins","30577 Wendy Isle Suite 924
East Alexandriaview, IA 11129","469"
"74","scottalexa@gmail.com","pbkdf2:sha256:600000$amSAlaFwxgvo6BoB$fc671d470c5c9d73f40351090748fc9b689cc88c4ea74c86bb5ea041e1271bee","Diana","Woods","9920 Candice Fall
Port Anthonymouth, AK 93360","306"
"75","petersonkimberly@yahoo.com","pbkdf2:sha256:600000$AuP4CT5HoJWMNQB1$2726cd018ed22d76642677fc259945516b4bce8c47393f662f0856a03540671a","Kimberly","Park","1461 Hull Route Suite 956
Lake Davidtown, FL 70328","578"
"76","lorimccullough@hotmail.com","pbkdf2:sha256:600000$kv2S2KClWGld5Kmn$0c90259c9b667530790fe19eaa03916e78ad547aaaf06e4b8762d5cb014bdee6","Edward","Andrade","300 Salazar Square Apt. 339
Boyerhaven, VI 23452","975"
"77","kathrynespinoza@gmail.com","pbkdf2:sha256:600000$0UJMYAtJ7M6RGczQ$baacc645ab11562233104785d54a4e04832c4e4e2b475c1da1d9289942f71861","Heather","Jackson","9018 Lara Green
Ronaldfurt, UT 01053","750"
"78","drakefrederick@hotmail.com","pbkdf2:sha256:600000$qm0yCtFHePSCQbv8$9e3b8fe080cb7db587210d3693afc2dd36e056e8bda32d6bcb07f484bb233c11","Daniel","Carter","928 Leach Cove Apt. 182
Mooreton, ME 28977","121"
"79","btorres@hotmail.com","pbkdf2:sha256:600000$E2MV3bM7zLXvGYkJ$43ebbdef9ac12748867b9aa543642bedeac0f321a68c40c0bb33c6839f70ddaf","Russell","Davila","09841 Harmon Lake Suite 596
West Sheri, AL 08187","104"
"80","nicole52@yahoo.com","pbkdf2:sha256:600000$Dul6F0TaGEPTCAop$32572e73c28826412fb01229d08974a2b6c0474142ebcd2e47f50862bb2e5c97","Jack","Riley","5711 Frederick Field Suite 402
Lake Stephaniemouth, LA 87177","773"
"81","cynthia69@gmail.com","pbkdf2:sha256:600000$AdLblCP2PQc8Vyvx$fb6929a6760ac35bb298e4c2e0c78f80942f915cb0358ea7ce7e4b792ce3a7f8","Caroline","Diaz","4173 Wells Garden Apt. 105
Thomaston, CT 13358","870"
"82","shawnharris@gmail.com","pbkdf2:sha256:600000$vefIRaVemL4mwRpw$cc63b3d8e7534bfa2eac776c93ccfa55a46c19337b3cc65d4b78aba8aca6326f","Marissa","Simmons","726 Gerald View Apt. 592
Huangstad, SD 81293","432"
"83","michelehicks@gmail.com","pbkdf2:sha256:600000$tYp7mQ35IKKtrlwq$c41f273afcd9e32b1d1c39dbb99442a47103cc3d1fcc6496d1490e29cb6bad09","Laura","Johnson","14780 Robinson Views
Matthewsfurt, AZ 73923","804"
"84","staylor@gmail.com","pbkdf2:sha256:600000$4WyDBcq0yZBYpKo5$18f68a9652e6d84f16be840091b550f2e4c36ced4c03eb1ae1679ce4a6229463","Samantha","Olson","USNV Bryant
FPO AP 08449","85"
"85","katrinanielsen@hotmail.com","pbkdf2:sha256:600000$TLDmygajIPYupRu2$830b37bbdd2c767bc6482293ceabb13c1d8d77d69656171d9395f68dbc067137","Anna","Harris","7723 Cardenas Squares
Lake Jeffreyland, KY 59389","481"
"86","maurice65@hotmail.com","pbkdf2:sha256:600000$UKx9TyDdfSxVmmDE$b6c551cbdd1dbb9c373eb8ada89c879a21da3edda0602d04f4f8bf728e9422a9","Krista","Thompson","664 Deborah Squares Apt. 415
Pruittberg, MH 71133","499"
"87","vincenthill@gmail.com","pbkdf2:sha256:600000$PO0aHux1B1nA6d4b$f605b71147ab0844616311a51379a7608a94c88b6a6b1362875a63ce27822948","James","Robinson","PSC 9731, Box 9509
APO AA 87520","176"
"88","rodriguezthomas@yahoo.com","pbkdf2:sha256:600000$uEfQBHbxiNcEszTU$dc5a72ca06a36808a68698506cf7e35101b9aa56c4f6b5276648067850fca4f9","Mary","Wood","63888 Lopez Squares Apt. 778
Victoriahaven, WV 92298","33"
"89","shelleybird@hotmail.com","pbkdf2:sha256:600000$hK0oZe36I7XZn8k4$922d657d7186dfa38ac6ab1bcf97e500b4416ea51872439fed7006a5adf561d1","Scott","Martinez","74604 Williams Plains
Camposshire, NC 44605","670"
"90","christina00@hotmail.com","pbkdf2:sha256:600000$wiI1zm8EaudzWptD$fb0781cbe04a4ca276de1652df76dbc36d59c87cd95353702fcf78d5a777e101","Stephanie","Montgomery","1894 Theresa Circle Apt. 851
Stephaniestad, WY 82521","594"
"91","christina29@yahoo.com","pbkdf2:sha256:600000$4VZWPz7jQlFvsD9e$ea2215f3797bd4ecc80923ddafabd1fd5d81fb961f73a8bb5062a443037c31c5","Erik","Evans","9569 Ball Unions Apt. 630
South Dominique, WA 44710","519"
"92","daychristopher@yahoo.com","pbkdf2:sha256:600000$by1rqndwy6rqtdFf$3be27b1c827a4cf6cac5b53c94c9e289b07ae3562c61268cce93c6f0de5cce79","Charles","Beard","USNV Sanchez
FPO AP 13494","354"
"93","april05@hotmail.com","pbkdf2:sha256:600000$vF95fokhgvG3S4du$f8756293eff647d110c7e5a5820152a85cc882bc6212f7a0541ca69db4254424","Kelly","Morrison","10157 Fuller Lodge Suite 550
South Christopher, MA 18397","423"
"94","lbush@yahoo.com","pbkdf2:sha256:600000$0NlqaRhtAg6pSz61$18585e5fc3100a8ba870d21e22c1c688cd1802e13bdbfb8a421c4848af1a98a7","Jeffrey","Robles","56162 Lozano Stream Suite 426
Reneehaven, GU 16280","959"
"95","jordanmendez@hotmail.com","pbkdf2:sha256:600000$mLEfkA5ghKv6MKj5$a1e9f6a8a7eeb642360651ed425220582b6432f2dddfd9108fb4f237def72d4a","Matthew","Ruiz","438 Clark Village
New Kimberlyview, OR 47692","227"
"96","suzanneortiz@yahoo.com","pbkdf2:sha256:600000$5MWLHHnHmdXvWJlS$7bee9b475ffeb170f26f2584603727be7f4b37de424dcf051f5ca0babd755c34","Leslie","Larsen","50278 Gregory Parkways Apt. 223
Molinaton, CA 70988","29"
"97","patricia70@hotmail.com","pbkdf2:sha256:600000$4vwEwsW9LqAMHjje$21f32c2318622abf6bcecf1a33aa14491532560b21aa7ac8b4f66dc68589588d","Jeremy","Hudson","49432 King Corners Apt. 668
Port Michaelview, PR 35187","439"
"98","regina68@yahoo.com","pbkdf2:sha256:600000$UxqkJvhFLYz0MXX9$186422af747fd4c2f48918c89ded2d1996de7f133198edc2090c58899f12c158","Lindsay","Howard","USNV Burns
FPO AE 97311","716"
"99","bonddaniel@yahoo.com","pbkdf2:sha256:600000$VW7SVVwEbkhyrJKG$e0650b561ffe4388fe02931b099b5640ca9ceb66b97949d3987394d44bf67b93","Sharon","Davis","0834 Sutton Viaduct Apt. 268
Josephfurt, NC 85764","875"
